20101102,aawiktionary,aawiktionary/20101102,stub|7z|bz2,locked
20100813,abwiki,abwiki/20100813,stub|7z|bz2
20100813,abwiktionary,abwiktionary/20100813,stub|7z|bz2
20100815,acewiki,acewiki/20100815,stub|7z|bz2
20100813,advisorywiki,advisorywiki/20100813,stub|7z|bz2
20100813,afwiki,afwiki/20100813,stub|7z|bz2
20100813,afwikibooks,afwikibooks/20100813,stub|7z|bz2
20100815,afwikiquote,afwikiquote/20100815,stub|7z|bz2
20100816,afwiktionary,afwiktionary/20100816,stub|7z|bz2
20110110,akwiki,akwiki/20110110,stub|7z|bz2
20110110,akwiktionary,akwiktionary/20110110,stub|7z|bz2
20100813,alswiki,alswiki/20100813,stub|7z|bz2
20100816,alswikibooks,alswikibooks/20100816,stub|7z|bz2
20100813,alswiktionary,alswiktionary/20100813,stub|7z|bz2
20100814,amwiki,amwiki/20100814,stub|7z|bz2
20100814,amwikiquote,amwikiquote/20100814,stub|7z|bz2
20100814,amwiktionary,amwiktionary/20100814,stub|7z|bz2
20110111,angwiki,angwiki/20110111,stub|7z|bz2
20110110,angwikibooks,angwikibooks/20110110,stub|7z|bz2
20110111,angwikiquote,angwikiquote/20110111,stub|7z|bz2
20110111,angwiktionary,angwiktionary/20110111,stub|7z|bz2
20110111,anwiki,anwiki/20110111,stub|7z|bz2
20110111,anwiktionary,anwiktionary/20110111,stub|7z|bz2
20110111,arcwiki,arcwiki/20110111,stub|7z|bz2
20100816,arwiki,arwiki/20100816,stub|7z|bz2
20100815,arwikibooks,arwikibooks/20100814,stub|7z|bz2
20110111,arwikinews,arwikinews/20110111,stub|7z|bz2
20100815,arwikiquote,arwikiquote/20100815,stub|7z|bz2
20110110,arwikisource,arwikisource/20110110,stub|7z|bz2
20100815,arwiktionary,arwiktionary/20100815,stub|7z|bz2
20100814,arzwiki,arzwiki/20100814,stub|7z|bz2
20110111,astwiki,astwiki/20110111,stub|7z|bz2
20100815,astwikibooks,astwikibooks/20100815,stub|7z|bz2
20110111,astwikiquote,astwikiquote/20110111,stub|7z|bz2
20110111,astwiktionary,astwiktionary/20110111,stub|7z|bz2
20110111,aswiki,aswiki/20110111,stub|7z|bz2
20110111,aswikibooks,aswikibooks/20110111,stub|7z|bz2,locked
20100816,avwiki,avwiki/20100816,stub|7z|bz2
20100816,avwiktionary,avwiktionary/20100816,stub|7z|bz2
20100816,aywiki,aywiki/20100816,stub|7z|bz2
20100816,aywiktionary,aywiktionary/20100816,stub|7z|bz2
20110110,azwiki,azwiki/20110110,stub|7z|bz2
20100816,azwikibooks,azwikibooks/20100816,stub|7z|bz2
20100816,azwikiquote,azwikiquote/20100816,stub|7z|bz2
20100816,azwikisource,azwikisource/20100816,stub|7z|bz2
20100816,azwiktionary,azwiktionary/20100816,stub|7z|bz2
20100815,barwiki,barwiki/20100815,stub|7z|bz2
20100816,bat_smgwiki,bat_smgwiki/20100816,stub|7z|bz2
20100816,bawiki,bawiki/20100816,stub|7z|bz2
20100816,bawikibooks,bawikibooks/20100816,stub|7z|bz2
20110111,bclwiki,bclwiki/20110111,stub|7z|bz2
20110112,be_x_oldwiki,be_x_oldwiki/20110112,stub|7z|bz2
20100814,betawikiversity,betawikiversity/20100814,stub|7z|bz2
20110111,bewiki,bewiki/20110111,stub|7z|bz2
20100814,bewikibooks,bewikibooks/20100814,stub|7z|bz2
20100815,bewikiquote,bewikiquote/20100815,stub|7z|bz2
20100816,bewiktionary,bewiktionary/20100816,stub|7z|bz2
20100813,bgwiki,bgwiki/20100813,stub|7z|bz2
20100816,bgwikibooks,bgwikibooks/20100816,stub|7z|bz2
20100816,bgwikinews,bgwikinews/20100816,stub|7z|bz2
20100816,bgwikiquote,bgwikiquote/20100816,stub|7z|bz2
20100816,bgwikisource,bgwikisource/20100816,stub|7z|bz2
20100816,bgwiktionary,bgwiktionary/20100816,stub|7z|bz2
20100816,bhwiki,bhwiki/20100816,stub|7z|bz2
20100815,bhwiktionary,bhwiktionary/20100815,stub|7z|bz2
20100815,biwiki,biwiki/20100815,stub|7z|bz2
20100815,biwiktionary,biwiktionary/20100815,stub|7z|bz2
20110111,bjnwiki,bjnwiki/20110111,stub|7z|bz2
20100816,bmwiki,bmwiki/20100816,stub|7z|bz2
20100817,bmwikiquote,bmwikiquote/20100817,stub|7z|bz2
20110110,bmwiktionary,bmwiktionary/20110110,stub|7z|bz2,locked
20110110,bnwiki,bnwiki/20110110,stub|7z|bz2
20100815,bnwikibooks,bnwikibooks/20100815,stub|7z|bz2
20100816,bnwikisource,bnwikisource/20100816,stub|7z|bz2
20100815,bnwiktionary,bnwiktionary/20100815,stub|7z|bz2
20100816,bowiki,bowiki/20100816,stub|7z|bz2
20100815,bowikibooks,bowikibooks/20100815,stub|7z|bz2
20100814,bpywiki,bpywiki/20100814,stub|7z|bz2
20100816,brwiki,brwiki/20100816,stub|7z|bz2
20110112,brwikimedia,brwikimedia/20110112,stub|7z|bz2
20110111,brwikiquote,brwikiquote/20110111,stub|7z|bz2
20100815,brwiktionary,brwiktionary/20100815,stub|7z|bz2
20100815,bswiki,bswiki/20100815,stub|7z|bz2
20100815,bswikibooks,bswikibooks/20100815,stub|7z|bz2
20100816,bswikinews,bswikinews/20100816,stub|7z|bz2
20100815,bswikiquote,bswikiquote/20100815,stub|7z|bz2
20100815,bswikisource,bswikisource/20100815,stub|7z|bz2
20100815,bswiktionary,bswiktionary/20100815,stub|7z|bz2
20100815,bugwiki,bugwiki/20100815,stub|7z|bz2
20100816,bxrwiki,bxrwiki/20100816,stub|7z|bz2
20110111,cawiki,cawiki/20110111,stub|7z|bz2
20100816,cawikibooks,cawikibooks/20100816,stub|7z|bz2
20100815,cawikinews,cawikinews/20100815,stub|7z|bz2
20100815,cawikiquote,cawikiquote/20100815,stub|7z|bz2
20100815,cawikisource,cawikisource/20100815,stub|7z|bz2
20100814,cawiktionary,cawiktionary/20100814,stub|7z|bz2
20100814,cbk_zamwiki,cbk_zamwiki/20100814,stub|7z|bz2
20100814,cdowiki,cdowiki/20100814,stub|7z|bz2
20100815,cebwiki,cebwiki/20100815,stub|7z|bz2
20100815,cewiki,cewiki/20100815,stub|7z|bz2
20100816,chrwiki,chrwiki/20100816,stub|7z|bz2
20100814,chrwiktionary,chrwiktionary/20100814,stub|7z|bz2
20100814,chwiki,chwiki/20100814,stub|7z|bz2
20100814,chwikimedia,chwikimedia/20100814,stub|7z|bz2
20100815,chywiki,chywiki/20100815,stub|7z|bz2
20100815,ckbwiki,ckbwiki/20100815,stub|7z|bz2
20101101,commonswiki,commonswiki/20101101,stub|7z|bz2
20100816,cowiki,cowiki/20100816,stub|7z|bz2
20100816,cowikibooks,cowikibooks/20100816,stub|7z|bz2
20100815,cowikimedia,cowikimedia/20100815,stub|7z|bz2
20100815,cowiktionary,cowiktionary/20100815,stub|7z|bz2
20100812,crhwiki,crhwiki/20100812,stub|7z|bz2
20100812,crwiki,crwiki/20100812,stub|7z|bz2
20100815,crwikiquote,crwikiquote/20100815,stub|7z|bz2
20100816,crwiktionary,crwiktionary/20100816,stub|7z|bz2
20100815,csbwiki,csbwiki/20100815,stub|7z|bz2
20100816,csbwiktionary,csbwiktionary/20100816,stub|7z|bz2
20100815,cswiki,cswiki/20100815,stub|7z|bz2
20100815,cswikibooks,cswikibooks/20100815,stub|7z|bz2
20101102,cswikinews,cswikinews/20101102,stub|7z|bz2
20100815,cswikiquote,cswikiquote/20100815,stub|7z|bz2
20100815,cswikisource,cswikisource/20100815,stub|7z|bz2
20100812,cswikiversity,cswikiversity/20100812,stub|7z|bz2
20100815,cswiktionary,cswiktionary/20100815,stub|7z|bz2
20100815,cuwiki,cuwiki/20100815,stub|7z|bz2
20100813,cvwiki,cvwiki/20100813,stub|7z|bz2
20100816,cvwikibooks,cvwikibooks/20100816,stub|7z|bz2
20100815,cywiki,cywiki/20100815,stub
20100813,cywikibooks,cywikibooks/20100813,stub|7z|bz2
20100814,cywikiquote,cywikiquote/20100814,stub|7z|bz2
20100813,cywikisource,cywikisource/20100813,stub|7z|bz2
20100814,cywiktionary,cywiktionary/20100814,stub|7z|bz2
20100812,dawiki,dawiki/20100812,stub|7z|bz2
20100813,dawikibooks,dawikibooks/20100813,stub|7z|bz2
20100813,dawikiquote,dawikiquote/20100813,stub|7z|bz2
20100813,dawikisource,dawikisource/20100813,stub|7z|bz2
20100813,dawiktionary,dawiktionary/20100813,stub|7z|bz2
20100816,de_labswikimedia,de_labswikimedia/20100816,stub|7z|bz2
20110112,dewiki,dewiki/20110111,stub|7z|bz2
20100815,dewikibooks,dewikibooks/20100815,stub|7z|bz2
20100813,dewikinews,dewikinews/20100813,stub|7z|bz2
20100815,dewikiquote,dewikiquote/20100815,stub|7z|bz2
20100815,dewikisource,dewikisource/20100815,stub|7z|bz2
20100813,dewikiversity,dewikiversity/20100813,stub|7z|bz2
20100814,dewiktionary,dewiktionary/20100814,stub|7z|bz2
20100813,diqwiki,diqwiki/20100813,stub|7z|bz2
20110112,dkwikimedia,dkwikimedia/20110112,stub|7z|bz2
20110112,dsbwiki,dsbwiki/20110112,stub|7z|bz2
20100813,dvwiki,dvwiki/20100813,stub|7z|bz2
20100814,dvwiktionary,dvwiktionary/20100814,stub|7z|bz2
20100813,dzwiki,dzwiki/20100813,stub|7z|bz2
20100813,dzwiktionary,dzwiktionary/20100813,stub|7z|bz2
20100813,eewiki,eewiki/20100813,stub|7z|bz2
20100815,elwiki,elwiki/20100815,stub|7z|bz2
20100813,elwikibooks,elwikibooks/20100813,stub|7z|bz2
20100813,elwikiquote,elwikiquote/20100813,stub|7z|bz2
20100813,elwikisource,elwikisource/20100813,stub|7z|bz2
20110111,elwikiversity,elwikiversity/20110111,stub|7z|bz2
20100815,elwiktionary,elwiktionary/20100815,stub|7z|bz2
20100812,emlwiki,emlwiki/20100812,stub|7z|bz2
20100812,en_labswikimedia,en_labswikimedia/20100812,stub|7z|bz2
20100820,enwiki,enwiki/20100817,stub
20110111,enwikibooks,enwikibooks/20110111,stub|7z|bz2
20110112,enwikinews,enwikinews/20110112,stub|7z|bz2
20100812,enwikiquote,enwikiquote/20100812,stub|7z|bz2
20100816,enwikisource,enwikisource/20100815,stub|7z|bz2
20100814,enwikiversity,enwikiversity/20100814,stub|7z|bz2
20110111,enwiktionary,enwiktionary/20110110,stub|7z|bz2
20100816,eowiki,eowiki/20100816,stub|7z|bz2
20100812,eowikibooks,eowikibooks/20100812,stub|7z|bz2
20100816,eowikiquote,eowikiquote/20100816,stub|7z|bz2
20100812,eowiktionary,eowiktionary/20100812,stub|7z|bz2
20100817,eswiki,eswiki/20100816,stub|7z|bz2
20110112,eswikibooks,eswikibooks/20110112,stub|7z|bz2
20100813,eswikinews,eswikinews/20100813,stub|7z|bz2
20110111,eswikiquote,eswikiquote/20110111,stub|7z|bz2
20100813,eswikisource,eswikisource/20100813,stub|7z|bz2
20100813,eswikiversity,eswikiversity/20100813,stub|7z|bz2
20100813,eswiktionary,eswiktionary/20100813,stub|7z|bz2
20100815,etwiki,etwiki/20100815,stub|7z|bz2
20100813,etwikibooks,etwikibooks/20100813,stub|7z|bz2
20110112,etwikiquote,etwikiquote/20110112,stub|7z|bz2
20110112,etwikisource,etwikisource/20110112,stub|7z|bz2
20110112,etwiktionary,etwiktionary/20110112,stub|7z|bz2
20100814,euwiki,euwiki/20100814,stub|7z|bz2
20110111,euwikibooks,euwikibooks/20110111,stub|7z|bz2
20100813,euwikiquote,euwikiquote/20100813,stub|7z|bz2
20110111,euwiktionary,euwiktionary/20110111,stub|7z|bz2
20110110,extwiki,extwiki/20110110,stub|7z|bz2
20100815,fawiki,fawiki/20100815,stub|7z|bz2
20110112,fawikibooks,fawikibooks/20110112,stub|7z|bz2
20110111,fawikinews,fawikinews/20110111,stub|7z|bz2
20100812,fawikiquote,fawikiquote/20100812,stub|7z|bz2
20100812,fawikisource,fawikisource/20100812,stub|7z|bz2
20110112,fawiktionary,fawiktionary/20110112,stub|7z|bz2
20110112,ffwiki,ffwiki/20110112,stub|7z|bz2
20110112,fiu_vrowiki,fiu_vrowiki/20110112,stub|7z|bz2
20100815,fiwiki,fiwiki/20100815,stub|7z|bz2
20110111,fiwikibooks,fiwikibooks/20110111,stub|7z|bz2
20100814,fiwikimedia,fiwikimedia/20100814,stub|7z|bz2
20100816,fiwikinews,fiwikinews/20100816,stub|7z|bz2
20110112,fiwikiquote,fiwikiquote/20110112,stub|7z|bz2
20101102,fiwikisource,fiwikisource/20101102,stub|7z|bz2
20110112,fiwikiversity,fiwikiversity/20110112,stub|7z|bz2
20110112,fiwiktionary,fiwiktionary/20110112,stub|7z|bz2
20110112,fjwiki,fjwiki/20110112,stub|7z|bz2
20110111,fjwiktionary,fjwiktionary/20110111,stub|7z|bz2
20100813,flaggedrevs_labswikimedia,flaggedrevs_labswikimedia/20100813,stub|7z|bz2
20100813,foundationwiki,foundationwiki/20100813,stub|7z|bz2
20100813,fowiki,fowiki/20100813,stub|7z|bz2
20100813,fowikisource,fowikisource/20100813,stub|7z|bz2
20110111,fowiktionary,fowiktionary/20110111,stub|7z|bz2
20100813,frpwiki,frpwiki/20100813,stub|7z|bz2
20110111,frrwiki,frrwiki/20110111,stub|7z|bz2
20110113,frwiki,frwiki/20110112,stub|7z|bz2
20110112,frwikibooks,frwikibooks/20110112,stub|7z|bz2
20100812,frwikinews,frwikinews/20100812,stub|7z|bz2
20100816,frwikiquote,frwikiquote/20100816,stub|7z|bz2
20100815,frwikisource,frwikisource/20100815,stub|7z|bz2
20100813,frwikiversity,frwikiversity/20100813,stub|7z|bz2
20100815,frwiktionary,frwiktionary/20100815,stub
20100812,furwiki,furwiki/20100812,stub|7z|bz2
20100812,fywiki,fywiki/20100812,stub|7z|bz2
20100816,fywikibooks,fywikibooks/20100816,stub|7z|bz2
20110110,fywiktionary,fywiktionary/20110110,stub|7z|bz2
20110111,ganwiki,ganwiki/20110111,stub|7z|bz2
20110111,gawiki,gawiki/20110111,stub|7z|bz2
20100816,gawikibooks,gawikibooks/20100816,stub|7z|bz2
20100816,gawiktionary,gawiktionary/20100816,stub|7z|bz2
20100812,gdwiki,gdwiki/20100812,stub|7z|bz2
20100816,gdwiktionary,gdwiktionary/20100816,stub|7z|bz2
20100816,glkwiki,glkwiki/20100816,stub|7z|bz2
20100814,glwiki,glwiki/20100814,stub|7z|bz2
20110112,glwikibooks,glwikibooks/20110112,stub|7z|bz2
20110112,glwikiquote,glwikiquote/20110112,stub|7z|bz2
20100816,glwikisource,glwikisource/20100816,stub|7z|bz2
20100812,glwiktionary,glwiktionary/20100812,stub|7z|bz2
20100816,gnwiki,gnwiki/20100816,stub|7z|bz2
20100816,gnwikibooks,gnwikibooks/20100816,stub|7z|bz2
20100814,gnwiktionary,gnwiktionary/20100814,stub|7z|bz2
20100813,gotwiki,gotwiki/20100813,stub|7z|bz2
20100815,gotwikibooks,gotwikibooks/20100815,stub|7z|bz2
20110112,guwiki,guwiki/20110112,stub|7z|bz2
20101102,guwikibooks,guwikibooks/20101102,stub|7z|bz2,locked
20100813,guwikiquote,guwikiquote/20100813,stub|7z|bz2
20110111,guwiktionary,guwiktionary/20110111,stub|7z|bz2
20100812,gvwiki,gvwiki/20100812,stub|7z|bz2
20110111,gvwiktionary,gvwiktionary/20110111,stub|7z|bz2
20100816,hakwiki,hakwiki/20100816,stub|7z|bz2
20100813,hawiki,hawiki/20100813,stub|7z|bz2
20100814,hawiktionary,hawiktionary/20100814,stub|7z|bz2
20110111,hawwiki,hawwiki/20110111,stub|7z|bz2
20100816,hewiki,hewiki/20100816,stub|7z|bz2
20110111,hewikibooks,hewikibooks/20110111,stub|7z|bz2
20110111,hewikinews,hewikinews/20110111,stub|7z|bz2
20110112,hewikiquote,hewikiquote/20110112,stub|7z|bz2
20110111,hewikisource,hewikisource/20110111,stub|7z|bz2
20110112,hewiktionary,hewiktionary/20110112,stub|7z|bz2
20110112,hifwiki,hifwiki/20110112,stub|7z|bz2
20100813,hiwiki,hiwiki/20100813,stub|7z|bz2
20110112,hiwikibooks,hiwikibooks/20110112,stub|7z|bz2
20101102,hiwikiquote,hiwikiquote/20101102,stub|7z|bz2
20101102,hiwiktionary,hiwiktionary/20101102,stub|7z|bz2
20110112,howiki,howiki/20110112,stub|7z|bz2,locked
20100816,hrwiki,hrwiki/20100816,stub|7z|bz2
20110111,hrwikibooks,hrwikibooks/20110111,stub|7z|bz2
20110112,hrwikiquote,hrwikiquote/20110112,stub|7z|bz2
20110112,hrwikisource,hrwikisource/20110112,stub|7z|bz2
20110112,hrwiktionary,hrwiktionary/20110112,stub|7z|bz2
20110112,hsbwiki,hsbwiki/20110112,stub|7z|bz2
20100815,hsbwiktionary,hsbwiktionary/20100815,stub|7z|bz2
20110112,htwiki,htwiki/20110112,stub|7z|bz2
20110111,htwikisource,htwikisource/20110111,stub|7z|bz2,locked
20100812,huwiki,huwiki/20100812,stub|7z|bz2
20110112,huwikibooks,huwikibooks/20110112,stub|7z|bz2
20110112,huwikinews,huwikinews/20110112,stub|7z|bz2
20110111,huwikiquote,huwikiquote/20110111,stub|7z|bz2
20110111,huwikisource,huwikisource/20110111,stub|7z|bz2
20100816,huwiktionary,huwiktionary/20100816,stub|7z|bz2
20110111,hywiki,hywiki/20110111,stub|7z|bz2
20110111,hywikibooks,hywikibooks/20110111,stub|7z|bz2
20110111,hywikiquote,hywikiquote/20110111,stub|7z|bz2
20100815,hywikisource,hywikisource/20100815,stub|7z|bz2
20110111,hywiktionary,hywiktionary/20110111,stub|7z|bz2
20110111,hzwiki,hzwiki/20110111,stub|7z|bz2,locked
20110112,iawiki,iawiki/20110112,stub|7z|bz2
20110112,iawikibooks,iawikibooks/20110112,stub|7z|bz2
20100816,iawiktionary,iawiktionary/20100816,stub|7z|bz2
20100814,idwiki,idwiki/20100814,stub|7z|bz2
20110111,idwikibooks,idwikibooks/20110111,stub|7z|bz2
20100816,idwikiquote,idwikiquote/20100816,stub|7z|bz2
20100816,idwikisource,idwikisource/20100816,stub|7z|bz2
20100816,idwiktionary,idwiktionary/20100816,stub|7z|bz2
20100816,iewiki,iewiki/20100816,stub|7z|bz2
20100816,iewikibooks,iewikibooks/20100816,stub|7z|bz2
20100816,iewiktionary,iewiktionary/20100816,stub|7z|bz2
20100816,igwiki,igwiki/20100816,stub|7z|bz2
20110111,iiwiki,iiwiki/20110111,stub|7z|bz2
20100816,ikwiki,ikwiki/20100816,stub|7z|bz2
20100816,ikwiktionary,ikwiktionary/20100816,stub|7z|bz2
20110110,ilowiki,ilowiki/20110110,stub|7z|bz2
20110111,incubatorwiki,incubatorwiki/20110111,stub|7z|bz2
20110111,iowiki,iowiki/20110111,stub|7z|bz2
20100816,iowiktionary,iowiktionary/20100816,stub|7z|bz2
20100815,iswiki,iswiki/20100815,stub|7z|bz2
20110111,iswikibooks,iswikibooks/20110111,stub|7z|bz2
20100816,iswikiquote,iswikiquote/20100816,stub|7z|bz2
20100815,iswikisource,iswikisource/20100815,stub|7z|bz2
20100815,iswiktionary,iswiktionary/20100815,stub|7z|bz2
20101103,itwiki,itwiki/20101103,stub|7z|bz2
20100816,itwikibooks,itwikibooks/20100816,stub|7z|bz2
20100816,itwikinews,itwikinews/20100816,stub|7z|bz2
20100816,itwikiquote,itwikiquote/20100816,stub|7z|bz2
20100816,itwikisource,itwikisource/20100816,stub|7z|bz2
20100815,itwikiversity,itwikiversity/20100815,stub|7z|bz2
20100816,itwiktionary,itwiktionary/20100816,stub|7z|bz2
20100815,iuwiki,iuwiki/20100815,stub|7z|bz2
20100815,iuwiktionary,iuwiktionary/20100815,stub|7z|bz2
20100812,jawiki,jawiki/20100812,stub|7z|bz2
20100814,jawikibooks,jawikibooks/20100814,stub|7z|bz2
20100813,jawikinews,jawikinews/20100813,stub|7z|bz2
20100815,jawikiquote,jawikiquote/20100815,stub|7z|bz2
20100814,jawikisource,jawikisource/20100814,stub|7z|bz2
20110112,jawikiversity,jawikiversity/20110112,stub|7z|bz2
20100813,jawiktionary,jawiktionary/20100813,stub|7z|bz2
20101102,jbowiki,jbowiki/20101102,stub|7z|bz2
20100815,jbowiktionary,jbowiktionary/20100815,stub|7z|bz2
20110112,jvwiki,jvwiki/20110112,stub|7z|bz2
20100815,jvwiktionary,jvwiktionary/20100815,stub|7z|bz2
20101102,kaawiki,kaawiki/20101102,stub|7z|bz2
20100816,kabwiki,kabwiki/20100816,stub|7z|bz2
20100815,kawiki,kawiki/20100815,stub|7z|bz2
20100815,kawikibooks,kawikibooks/20100815,stub|7z|bz2
20100815,kawikiquote,kawikiquote/20100815,stub|7z|bz2
20100813,kawiktionary,kawiktionary/20100813,stub|7z|bz2
20100816,kgwiki,kgwiki/20100816,stub|7z|bz2
20100816,kiwiki,kiwiki/20100816,stub|7z|bz2
20100816,kkwiki,kkwiki/20100816,stub|7z|bz2
20100816,kkwikibooks,kkwikibooks/20100816,stub|7z|bz2
20110111,kkwikiquote,kkwikiquote/20110111,stub|7z|bz2
20110112,kkwiktionary,kkwiktionary/20110112,stub|7z|bz2
20101102,klwiki,klwiki/20101102,stub|7z|bz2
20101102,klwiktionary,klwiktionary/20101102,stub|7z|bz2
20101102,kmwiki,kmwiki/20101102,stub|7z|bz2
20101102,kmwikibooks,kmwikibooks/20101102,stub|7z|bz2
20101102,kmwiktionary,kmwiktionary/20101102,stub|7z|bz2
20100812,knwiki,knwiki/20100812,stub|7z|bz2
20110111,knwikibooks,knwikibooks/20110111,stub|7z|bz2
20101102,knwikiquote,knwikiquote/20101102,stub|7z|bz2
20100813,knwikisource,knwikisource/20100813,stub|7z|bz2
20100812,knwiktionary,knwiktionary/20100812,stub|7z|bz2
20110111,koiwiki,koiwiki/20110111,stub|7z|bz2
20100812,kowiki,kowiki/20100812,stub|7z|bz2
20100812,kowikibooks,kowikibooks/20100812,stub|7z|bz2
20110111,kowikinews,kowikinews/20110111,stub|7z|bz2
20100812,kowikiquote,kowikiquote/20100812,stub|7z|bz2
20110110,kowikisource,kowikisource/20110110,stub|7z|bz2
20100813,kowiktionary,kowiktionary/20100813,stub|7z|bz2
20100815,krcwiki,krcwiki/20100815,stub|7z|bz2
20100813,krwiki,krwiki/20100813,stub|7z|bz2,locked
20100813,krwikiquote,krwikiquote/20100813,stub|7z|bz2,locked
20100812,kshwiki,kshwiki/20100812,stub|7z|bz2
20100813,kswiki,kswiki/20100813,stub|7z|bz2
20100813,kswikibooks,kswikibooks/20100813,stub|7z|bz2,locked
20100813,kswikiquote,kswikiquote/20100813,stub|7z|bz2,locked
20100815,kswiktionary,kswiktionary/20100815,stub|7z|bz2
20100814,kuwiki,kuwiki/20100814,stub|7z|bz2
20100816,kuwikibooks,kuwikibooks/20100816,stub|7z|bz2
20100816,kuwikiquote,kuwikiquote/20100816,stub|7z|bz2
20100814,kuwiktionary,kuwiktionary/20100814,stub|7z|bz2
20100815,kvwiki,kvwiki/20100815,stub|7z|bz2
20100816,kwwiki,kwwiki/20100816,stub|7z|bz2
20100815,kwwikiquote,kwwikiquote/20100815,stub|7z|bz2
20100815,kwwiktionary,kwwiktionary/20100815,stub|7z|bz2
20100815,kywiki,kywiki/20100815,stub|7z|bz2
20100815,kywikibooks,kywikibooks/20100815,stub|7z|bz2
20100815,kywikiquote,kywikiquote/20100815,stub|7z|bz2
20100815,kywiktionary,kywiktionary/20100815,stub|7z|bz2
20100815,ladwiki,ladwiki/20100815,stub|7z|bz2
20100816,lawiki,lawiki/20100816,stub|7z|bz2
20100815,lawikibooks,lawikibooks/20100815,stub|7z|bz2
20100813,lawikiquote,lawikiquote/20100813,stub|7z|bz2
20100815,lawikisource,lawikisource/20100815,stub|7z|bz2
20100815,lawiktionary,lawiktionary/20100815,stub|7z|bz2
20100816,lbewiki,lbewiki/20100816,stub|7z|bz2
20100813,lbwiki,lbwiki/20100813,stub|7z|bz2
20100815,lbwikiquote,lbwikiquote/20100815,stub|7z|bz2
20100816,lbwiktionary,lbwiktionary/20100816,stub|7z|bz2
20100816,lgwiki,lgwiki/20100816,stub|7z|bz2
20100816,lijwiki,lijwiki/20100816,stub|7z|bz2
20100703,liquidthreads_labswikimedia,liquidthreads_labswikimedia/20100703,stub|7z|bz2
20100816,liwiki,liwiki/20100816,stub|7z|bz2
20100815,liwikiquote,liwikiquote/20100815,stub|7z|bz2
20100815,liwikisource,liwikisource/20100815,stub|7z|bz2
20100816,liwiktionary,liwiktionary/20100816,stub|7z|bz2
20100816,lmowiki,lmowiki/20100816,stub|7z|bz2
20100816,lnwiki,lnwiki/20100816,stub|7z|bz2
20100816,lnwikibooks,lnwikibooks/20100816,stub|7z|bz2
20100816,lnwiktionary,lnwiktionary/20100816,stub|7z|bz2
,locked
20100816,lowiki,lowiki/20100816,stub|7z|bz2
20100816,lowiktionary,lowiktionary/20100816,stub|7z|bz2
20100815,ltwiki,ltwiki/20100815,stub|7z|bz2
20100816,ltwikibooks,ltwikibooks/20100816,stub|7z|bz2
20100816,ltwikiquote,ltwikiquote/20100816,stub|7z|bz2
20100816,ltwikisource,ltwikisource/20100816,stub|7z|bz2
20100815,ltwiktionary,ltwiktionary/20100815,stub|7z|bz2
20110110,lvwiki,lvwiki/20110110,stub|7z|bz2
20110112,lvwiktionary,lvwiktionary/20110112,stub|7z|bz2
20100813,map_bmswiki,map_bmswiki/20100813,stub|7z|bz2
20100815,mdfwiki,mdfwiki/20100815,stub|7z|bz2
20100815,mediawikiwiki,mediawikiwiki/20100815,stub|7z|bz2
20100812,metawiki,metawiki/20100812,stub|7z|bz2
20100813,mgwiki,mgwiki/20100813,stub|7z|bz2
20100813,mgwikibooks,mgwikibooks/20100813,stub|7z|bz2
20100815,mgwiktionary,mgwiktionary/20100815,stub|7z|bz2
20110111,mhrwiki,mhrwiki/20110111,stub|7z|bz2
20100815,miwiki,miwiki/20100815,stub|7z|bz2
20100815,miwikibooks,miwikibooks/20100815,stub|7z|bz2
20100814,miwiktionary,miwiktionary/20100814,stub|7z|bz2
20100813,mkwiki,mkwiki/20100813,stub|7z|bz2
20100815,mkwikibooks,mkwikibooks/20100815,stub|7z|bz2
20110111,mkwikimedia,mkwikimedia/20110111,stub|7z|bz2
20100816,mkwikisource,mkwikisource/20100816,stub|7z|bz2
20100815,mkwiktionary,mkwiktionary/20100815,stub|7z|bz2
20110128,mlwiki,mlwiki/20110128,stub|bz2
20100814,mlwikibooks,mlwikibooks/20100814,stub|7z|bz2
20100815,mlwikiquote,mlwikiquote/20100815,stub|7z|bz2
20100815,mlwikisource,mlwikisource/20100815,stub|7z|bz2
20100815,mlwiktionary,mlwiktionary/20100815,stub|7z|bz2
20100812,mnwiki,mnwiki/20100812,stub|7z|bz2
20101102,mnwikibooks,mnwikibooks/20101102,stub|7z|bz2
20101102,mnwiktionary,mnwiktionary/20101102,stub|7z|bz2
20101102,mowiki,mowiki/20101102,stub|7z|bz2,locked
20100813,mowiktionary,mowiktionary/20100813,stub|7z|bz2
20110111,mrjwiki,mrjwiki/20110111,stub|7z|bz2
20101102,mrwiki,mrwiki/20101102,stub|7z|bz2
20100813,mrwikibooks,mrwikibooks/20100813,stub|7z|bz2
20100813,mrwikiquote,mrwikiquote/20100813,stub|7z|bz2
20100816,mrwiktionary,mrwiktionary/20100816,stub|7z|bz2
20100815,mswiki,mswiki/20100815,stub|7z|bz2
20100813,mswikibooks,mswikibooks/20100813,stub|7z|bz2
20100812,mswiktionary,mswiktionary/20100812,stub|7z|bz2
20100813,mtwiki,mtwiki/20100813,stub|7z|bz2
20100813,mtwiktionary,mtwiktionary/20100813,stub|7z|bz2
20100813,muswiki,muswiki/20100813,stub|7z|bz2,locked
20100815,mwlwiki,mwlwiki/20100815,stub|7z|bz2
20110111,myvwiki,myvwiki/20110111,stub|7z|bz2
20100813,mywiki,mywiki/20100813,stub|7z|bz2
20100813,mywikibooks,mywikibooks/20100813,stub|7z|bz2
20100813,mywiktionary,mywiktionary/20100813,stub|7z|bz2
20100816,mznwiki,mznwiki/20100816,stub|7z|bz2
20100813,nahwiki,nahwiki/20100813,stub|7z|bz2
20100816,nahwiktionary,nahwiktionary/20100816,stub|7z|bz2
20100815,napwiki,napwiki/20100815,stub|7z|bz2
20100813,nawiki,nawiki/20100813,stub|7z|bz2
20100813,nawikiquote,nawikiquote/20100813,stub|7z|bz2
20100813,nawiktionary,nawiktionary/20100813,stub|7z|bz2
20100813,nds_nlwiki,nds_nlwiki/20100813,stub|7z|bz2
20100813,ndswiki,ndswiki/20100813,stub|7z|bz2
20110111,ndswiktionary,ndswiktionary/20110111,stub|7z|bz2
20100813,newiki,newiki/20100813,stub|7z|bz2
20100814,newikibooks,newikibooks/20100814,stub|7z|bz2
20100815,newiktionary,newiktionary/20100815,stub|7z|bz2
20110111,newwiki,newwiki/20110111,stub|7z|bz2
20100812,ngwiki,ngwiki/20100812,stub|7z|bz2,locked
20100813,nlwiki,nlwiki/20100813,stub|7z|bz2
20110112,nlwikibooks,nlwikibooks/20110112,stub|7z|bz2
20110111,nlwikimedia,nlwikimedia/20110111,stub|7z|bz2
20110111,nlwikinews,nlwikinews/20110111,stub|7z|bz2
20110112,nlwikiquote,nlwikiquote/20110112,stub|7z|bz2
20110112,nlwikisource,nlwikisource/20110112,stub|7z|bz2
20100812,nlwiktionary,nlwiktionary/20100812,stub|7z|bz2
20110110,nnwiki,nnwiki/20110110,stub|7z|bz2
20110112,nnwikiquote,nnwikiquote/20110112,stub|7z|bz2
20110112,nnwiktionary,nnwiktionary/20110112,stub|7z|bz2
20110112,nostalgiawiki,nostalgiawiki/20110112,stub|7z|bz2
20110112,novwiki,novwiki/20110112,stub|7z|bz2
20110111,nowiki,nowiki/20110111,stub|7z|bz2
20101102,nowikibooks,nowikibooks/20101102,stub|7z|bz2
20110111,nowikimedia,nowikimedia/20110111,stub|7z|bz2
20101102,nowikinews,nowikinews/20101102,stub|7z|bz2
20110112,nowikiquote,nowikiquote/20110112,stub|7z|bz2
20100813,nowikisource,nowikisource/20100813,stub|7z|bz2
20110112,nowiktionary,nowiktionary/20110112,stub|7z|bz2
20110112,nrmwiki,nrmwiki/20110112,stub|7z|bz2
20110112,nvwiki,nvwiki/20110112,stub|7z|bz2
20110112,nywiki,nywiki/20110112,stub|7z|bz2
20110112,nzwikimedia,nzwikimedia/20110112,stub|7z|bz2
20100813,ocwiki,ocwiki/20100813,stub|7z|bz2
20100812,ocwikibooks,ocwikibooks/20100812,stub|7z|bz2
20100812,ocwiktionary,ocwiktionary/20100812,stub|7z|bz2
20100812,omwiki,omwiki/20100812,stub|7z|bz2
20100812,omwiktionary,omwiktionary/20100812,stub|7z|bz2
20100813,orwiki,orwiki/20100813,stub|7z|bz2
20101102,orwiktionary,orwiktionary/20101102,stub|7z|bz2,locked
20110112,oswiki,oswiki/20110112,stub|7z|bz2
20100813,outreachwiki,outreachwiki/20100813,stub|7z|bz2
20110110,pa_uswikimedia,pa_uswikimedia/20110110,stub|7z|bz2
20101102,pagwiki,pagwiki/20101102,stub|7z|bz2
20100816,pamwiki,pamwiki/20100816,stub|7z|bz2
20100815,papwiki,papwiki/20100815,stub|7z|bz2
20100813,pawiki,pawiki/20100813,stub|7z|bz2
20110112,pawikibooks,pawikibooks/20110112,stub|7z|bz2
20100815,pawiktionary,pawiktionary/20100815,stub|7z|bz2
20110112,pcdwiki,pcdwiki/20110112,stub|7z|bz2
20100816,pdcwiki,pdcwiki/20100816,stub|7z|bz2
20110111,pihwiki,pihwiki/20110111,stub|7z|bz2
20110111,piwiki,piwiki/20110111,stub|7z|bz2
20110111,piwiktionary,piwiktionary/20110111,stub|7z|bz2,locked
20100813,plwiki,plwiki/20100813,stub|7z|bz2
20100816,plwikibooks,plwikibooks/20100816,stub|7z|bz2
20100813,plwikimedia,plwikimedia/20100813,stub|7z|bz2
20110110,plwikinews,plwikinews/20110110,stub|7z|bz2
20110110,plwikiquote,plwikiquote/20110110,stub|7z|bz2
20110111,plwikisource,plwikisource/20110111,stub|7z|bz2
20110112,plwiktionary,plwiktionary/20110112,stub|7z|bz2
20100813,pmswiki,pmswiki/20100813,stub|7z|bz2
20100815,pnbwiki,pnbwiki/20100815,stub|7z|bz2
20110110,pntwiki,pntwiki/20110110,stub|7z|bz2
20110111,pswiki,pswiki/20110111,stub|7z|bz2
20110111,pswikibooks,pswikibooks/20110111,stub|7z|bz2,locked
20100813,pswiktionary,pswiktionary/20100813,stub|7z|bz2
20100813,ptwiki,ptwiki/20100813,stub|7z|bz2
20100812,ptwikibooks,ptwikibooks/20100812,stub|7z|bz2
20110111,ptwikimedia,ptwikimedia/20110111,stub|7z|bz2
20110111,ptwikinews,ptwikinews/20110111,stub|7z|bz2
20110111,ptwikiquote,ptwikiquote/20110111,stub|7z|bz2
20100813,ptwikisource,ptwikisource/20100813,stub|7z|bz2
20100813,ptwikiversity,ptwikiversity/20100813,stub|7z|bz2
20100813,ptwiktionary,ptwiktionary/20100813,stub|7z|bz2
20110111,quwiki,quwiki/20110111,stub|7z|bz2
20110111,quwikiquote,quwikiquote/20110111,stub|7z|bz2
20110111,quwiktionary,quwiktionary/20110111,stub|7z|bz2
20100813,readerfeedback_labswikimedia,readerfeedback_labswikimedia/20100813,stub|7z|bz2
20110112,rmwiki,rmwiki/20110112,stub|7z|bz2
20110111,rmwikibooks,rmwikibooks/20110111,stub|7z|bz2,locked
20110111,rmwiktionary,rmwiktionary/20110111,stub|7z|bz2,locked
20110112,rmywiki,rmywiki/20110112,stub|7z|bz2
20110112,rnwiki,rnwiki/20110112,stub|7z|bz2
20110111,rnwiktionary,rnwiktionary/20110111,stub|7z|bz2,locked
20110112,roa_rupwiki,roa_rupwiki/20110112,stub|7z|bz2
20100816,roa_rupwiktionary,roa_rupwiktionary/20100816,stub|7z|bz2
20110111,roa_tarawiki,roa_tarawiki/20110111,stub|7z|bz2
20100814,rowiki,rowiki/20100814,stub|7z|bz2
20110111,rowikibooks,rowikibooks/20110111,stub|7z|bz2
20100816,rowikinews,rowikinews/20100816,stub|7z|bz2
20100816,rowikiquote,rowikiquote/20100816,stub|7z|bz2
20100816,rowikisource,rowikisource/20100816,stub|7z|bz2
20100816,rowiktionary,rowiktionary/20100816,stub|7z|bz2
20100813,rswikimedia,rswikimedia/20100813,stub|7z|bz2
20100818,ruwiki,ruwiki/20100818,stub|7z|bz2
20100815,ruwikibooks,ruwikibooks/20100815,stub|7z|bz2
20100815,ruwikimedia,ruwikimedia/20100815,stub|7z|bz2
20100816,ruwikinews,ruwikinews/20100816,stub|7z|bz2
20100816,ruwikiquote,ruwikiquote/20100816,stub|7z|bz2
20100812,ruwikisource,ruwikisource/20100812,stub|7z|bz2
20110111,ruwikiversity,ruwikiversity/20110111,stub|7z|bz2
20110112,ruwiktionary,ruwiktionary/20110112,stub|7z|bz2
20100816,rwwiki,rwwiki/20100816,stub|7z|bz2
20100816,rwwiktionary,rwwiktionary/20100816,stub|7z|bz2
20110112,sahwiki,sahwiki/20110112,stub|7z|bz2
20100816,sawiki,sawiki/20100816,stub|7z|bz2
20100816,sawikibooks,sawikibooks/20100816,stub|7z|bz2
20100816,sawiktionary,sawiktionary/20100816,stub|7z|bz2
20100816,scnwiki,scnwiki/20100816,stub|7z|bz2
20100815,scnwiktionary,scnwiktionary/20100815,stub|7z|bz2
20100814,scowiki,scowiki/20100814,stub|7z|bz2
20100815,scwiki,scwiki/20100815,stub|7z|bz2
20100815,sdwiki,sdwiki/20100815,stub|7z|bz2
20100815,sdwikinews,sdwikinews/20100815,stub|7z|bz2
20101102,sdwiktionary,sdwiktionary/20101102,stub|7z|bz2
20100815,sewiki,sewiki/20100815,stub|7z|bz2
20100813,sewikimedia,sewikimedia/20100813,stub|7z|bz2
20100816,sgwiki,sgwiki/20100816,stub|7z|bz2
20100815,sgwiktionary,sgwiktionary/20100815,stub|7z|bz2
20110112,shwiki,shwiki/20110112,stub|7z|bz2
20100815,shwiktionary,shwiktionary/20100815,stub|7z|bz2
20100814,simplewiki,simplewiki/20100814,stub|7z|bz2
20110110,simplewikibooks,simplewikibooks/20110110,stub|7z|bz2,locked
20100815,simplewiktionary,simplewiktionary/20100815,stub|7z|bz2
20100816,siwiki,siwiki/20100816,stub|7z|bz2
20100816,siwikibooks,siwikibooks/20100816,stub|7z|bz2
20100812,siwiktionary,siwiktionary/20100812,stub|7z|bz2
20110112,skwiki,skwiki/20110112,stub|7z|bz2
20100816,skwikibooks,skwikibooks/20100816,stub|7z|bz2
20100816,skwikiquote,skwikiquote/20100816,stub|7z|bz2
20100816,skwikisource,skwikisource/20100816,stub|7z|bz2
20100816,skwiktionary,skwiktionary/20100816,stub|7z|bz2
20110112,slwiki,slwiki/20110112,stub|7z|bz2
20100816,slwikibooks,slwikibooks/20100816,stub|7z|bz2
20100816,slwikiquote,slwikiquote/20100816,stub|7z|bz2
20100816,slwikisource,slwikisource/20100816,stub|7z|bz2
20100816,slwiktionary,slwiktionary/20100816,stub|7z|bz2
20100816,smwiki,smwiki/20100816,stub|7z|bz2
20100816,smwiktionary,smwiktionary/20100816,stub|7z|bz2
20100815,snwiki,snwiki/20100815,stub|7z|bz2
20100814,sourceswiki,sourceswiki/20100814,stub|7z|bz2
20101102,sowiki,sowiki/20101102,stub|7z|bz2
20110111,sowiktionary,sowiktionary/20110111,stub|7z|bz2
20100815,specieswiki,specieswiki/20100815,stub|7z|bz2
20100812,sqwiki,sqwiki/20100812,stub|7z|bz2
20100816,sqwikibooks,sqwikibooks/20100816,stub|7z|bz2
20110111,sqwikiquote,sqwikiquote/20110111,stub|7z|bz2
20110111,sqwiktionary,sqwiktionary/20110111,stub|7z|bz2
20100813,srnwiki,srnwiki/20100813,stub|7z|bz2
20110112,srwiki,srwiki/20110112,stub
20110111,srwikibooks,srwikibooks/20110111,stub|7z|bz2
20100813,srwikinews,srwikinews/20100813,stub|7z|bz2
20110111,srwikiquote,srwikiquote/20110111,stub|7z|bz2
20110110,srwikisource,srwikisource/20110110,stub|7z|bz2
20100813,srwiktionary,srwiktionary/20100813,stub|7z|bz2
20100813,sswiki,sswiki/20100813,stub|7z|bz2
20110111,sswiktionary,sswiktionary/20110111,stub|7z|bz2
20100813,stqwiki,stqwiki/20100813,stub|7z|bz2
20110111,strategywiki,strategywiki/20110111,stub|7z|bz2
20110111,stwiki,stwiki/20110111,stub|7z|bz2
20100815,stwiktionary,stwiktionary/20100815,stub|7z|bz2
20110112,suwiki,suwiki/20110112,stub|7z|bz2
20100816,suwikibooks,suwikibooks/20100816,stub|7z|bz2
20110111,suwikiquote,suwikiquote/20110111,stub|7z|bz2
20100816,suwiktionary,suwiktionary/20100816,stub|7z|bz2
20110111,svwiki,svwiki/20110111,stub|7z|bz2
20100815,svwikibooks,svwikibooks/20100815,stub|7z|bz2
20100816,svwikinews,svwikinews/20100816,stub|7z|bz2
20100816,svwikiquote,svwikiquote/20100816,stub|7z|bz2
20110110,svwikisource,svwikisource/20110110,stub|7z|bz2
20100816,svwiktionary,svwiktionary/20100816,stub|7z|bz2
20110111,swwiki,swwiki/20110111,stub|7z|bz2
20110111,swwikibooks,swwikibooks/20110111,stub|7z|bz2,locked
20110112,swwiktionary,swwiktionary/20110112,stub|7z|bz2
20100813,szlwiki,szlwiki/20100813,stub|7z|bz2
20100816,tawiki,tawiki/20100816,stub|7z|bz2
20100816,tawikibooks,tawikibooks/20100816,stub|7z|bz2
20100816,tawikinews,tawikinews/20100816,stub|7z|bz2
20110111,tawikiquote,tawikiquote/20110111,stub|7z|bz2
20110111,tawikisource,tawikisource/20110111,stub|7z|bz2
20110111,tawiktionary,tawiktionary/20110111,stub|7z|bz2
20110112,testwiki,testwiki/20110112,stub|7z|bz2
20100816,tetwiki,tetwiki/20100816,stub|7z|bz2
20100816,tewiki,tewiki/20100816,stub|7z|bz2
20100814,tewikibooks,tewikibooks/20100814,stub|7z|bz2
20100816,tewikiquote,tewikiquote/20100816,stub|7z|bz2
20100815,tewikisource,tewikisource/20100815,stub|7z|bz2
20100816,tewiktionary,tewiktionary/20100816,stub|7z|bz2
20100813,tgwiki,tgwiki/20100813,stub|7z|bz2
20100816,tgwikibooks,tgwikibooks/20100816,stub|7z|bz2
20100815,tgwiktionary,tgwiktionary/20100815,stub|7z|bz2
20100813,thwiki,thwiki/20100813,stub|7z|bz2
20100815,thwikibooks,thwikibooks/20100815,stub|7z|bz2
20100816,thwikinews,thwikinews/20100816,stub|7z|bz2
20100815,thwikiquote,thwikiquote/20100815,stub|7z|bz2
20100816,thwikisource,thwikisource/20100816,stub|7z|bz2
20100816,thwiktionary,thwiktionary/20100816,stub|7z|bz2
20100813,tiwiki,tiwiki/20100813,stub|7z|bz2
20100813,tiwiktionary,tiwiktionary/20100813,stub|7z|bz2
20100813,tkwiki,tkwiki/20100813,stub|7z|bz2
20100814,tkwikibooks,tkwikibooks/20100814,stub|7z|bz2
20100813,tkwikiquote,tkwikiquote/20100813,stub|7z|bz2,locked
20100814,tkwiktionary,tkwiktionary/20100814,stub|7z|bz2
20100813,tlwiki,tlwiki/20100813,stub|7z|bz2
20100814,tlwikibooks,tlwikibooks/20100814,stub|7z|bz2
20100814,tlwiktionary,tlwiktionary/20100814,stub|7z|bz2
20100814,tnwiki,tnwiki/20100814,stub|7z|bz2
20100813,tnwiktionary,tnwiktionary/20100813,stub|7z|bz2
20100815,towiki,towiki/20100815,stub|7z|bz2
20100813,tpiwiki,tpiwiki/20100813,stub|7z|bz2
20100813,tpiwiktionary,tpiwiktionary/20100813,stub|7z|bz2
20100813,trwiki,trwiki/20100813,stub|7z|bz2
20100813,trwikibooks,trwikibooks/20100813,stub|7z|bz2
20100813,trwikimedia,trwikimedia/20100813,stub|7z|bz2
20100815,trwikinews,trwikinews/20100815,stub|7z|bz2
20110111,trwikiquote,trwikiquote/20110111,stub|7z|bz2
20100814,trwikisource,trwikisource/20100814,stub|7z|bz2
20100813,trwiktionary,trwiktionary/20100813,stub|7z|bz2
20110111,tswiki,tswiki/20110111,stub|7z|bz2
20110112,tswiktionary,tswiktionary/20110112,stub|7z|bz2
20100813,ttwiki,ttwiki/20100813,stub|7z|bz2
20100813,ttwikibooks,ttwikibooks/20100813,stub|7z|bz2
20110112,ttwikiquote,ttwikiquote/20110112,stub|7z|bz2
20110112,ttwiktionary,ttwiktionary/20110112,stub|7z|bz2
20110112,tumwiki,tumwiki/20110112,stub|7z|bz2
20110112,twwiki,twwiki/20110112,stub|7z|bz2
20110112,twwiktionary,twwiktionary/20110112,stub|7z|bz2,locked
20110112,tywiki,tywiki/20110112,stub|7z|bz2
20100815,uawikimedia,uawikimedia/20100815,stub|7z|bz2
20100813,udmwiki,udmwiki/20100813,stub|7z|bz2
20100813,ugwiki,ugwiki/20100813,stub|7z|bz2
20100813,ugwikibooks,ugwikibooks/20100813,stub|7z|bz2,locked
20100813,ugwikiquote,ugwikiquote/20100813,stub|7z|bz2,locked
20100813,ugwiktionary,ugwiktionary/20100813,stub|7z|bz2
20100817,ukwiki,ukwiki/20100817,stub|7z|bz2
20100813,ukwikibooks,ukwikibooks/20100813,stub|7z|bz2
20100813,ukwikimedia,ukwikimedia/20100813,stub|7z|bz2
20100813,ukwikinews,ukwikinews/20100813,stub|7z|bz2
20100813,ukwikiquote,ukwikiquote/20100813,stub|7z|bz2
20110112,ukwikisource,ukwikisource/20110112,stub|7z|bz2
20110112,ukwiktionary,ukwiktionary/20110112,stub|7z|bz2
20110111,urwiki,urwiki/20110111,stub|7z|bz2
20100813,urwikibooks,urwikibooks/20100813,stub|7z|bz2
20100813,urwikiquote,urwikiquote/20100813,stub|7z|bz2
20100813,urwiktionary,urwiktionary/20100813,stub|7z|bz2
20100813,usabilitywiki,usabilitywiki/20100813,stub|7z|bz2
20110111,uzwiki,uzwiki/20110111,stub|7z|bz2
20110111,uzwikibooks,uzwikibooks/20110111,stub|7z|bz2
20110111,uzwikiquote,uzwikiquote/20110111,stub|7z|bz2
20110111,uzwiktionary,uzwiktionary/20110111,stub|7z|bz2
20110111,vecwiki,vecwiki/20110111,stub|7z|bz2
20110111,vewiki,vewiki/20110111,stub|7z|bz2
20110111,vewikimedia,vewikimedia/20110111,stub|7z|bz2
20110111,viwiki,viwiki/20110111,stub|7z|bz2
20110111,viwikibooks,viwikibooks/20110111,stub|7z|bz2
20110111,viwikiquote,viwikiquote/20110111,stub|7z|bz2
20110111,viwikisource,viwikisource/20110111,stub|7z|bz2
20100812,viwiktionary,viwiktionary/20100812,stub|7z|bz2
20110112,vlswiki,vlswiki/20110112,stub|7z|bz2
20100813,vowiki,vowiki/20100813,stub|7z|bz2
20110110,vowikibooks,vowikibooks/20110110,stub|7z|bz2
20110110,vowiktionary,vowiktionary/20110110,stub|7z|bz2
20110111,warwiki,warwiki/20110111,stub|7z|bz2
20110111,wawiki,wawiki/20110111,stub|7z|bz2
20110111,wawiktionary,wawiktionary/20110111,stub|7z|bz2
20110110,wikimania2005wiki,wikimania2005wiki/20110110,stub|7z|bz2
20110112,wikimania2006wiki,wikimania2006wiki/20110112,stub|7z|bz2
20100813,wikimania2007wiki,wikimania2007wiki/20100813,stub|7z|bz2
20101102,wikimania2008wiki,wikimania2008wiki/20101102,stub|7z|bz2
20100813,wikimania2009wiki,wikimania2009wiki/20100813,stub|7z|bz2
20100813,wikimania2010wiki,wikimania2010wiki/20100813,stub|7z|bz2
20100814,wikimania2011wiki,wikimania2011wiki/20100814,stub|7z|bz2
20100816,wowiki,wowiki/20100816,stub|7z|bz2
20100815,wowikiquote,wowikiquote/20100815,stub|7z|bz2
20100816,wowiktionary,wowiktionary/20100816,stub|7z|bz2
20100816,wuuwiki,wuuwiki/20100816,stub|7z|bz2
20100815,xalwiki,xalwiki/20100815,stub|7z|bz2
20100816,xhwiki,xhwiki/20100816,stub|7z|bz2
20110110,xhwiktionary,xhwiktionary/20110110,stub|7z|bz2,locked
20110111,yiwiki,yiwiki/20110111,stub|7z|bz2
20100813,yiwikisource,yiwikisource/20100813,stub|7z|bz2
20110110,yiwiktionary,yiwiktionary/20110110,stub|7z|bz2
20100813,yowiki,yowiki/20100813,stub|7z|bz2
20100813,yowikibooks,yowikibooks/20100813,stub|7z|bz2,locked
20100816,yowiktionary,yowiktionary/20100816,stub|7z|bz2
20100813,zawiki,zawiki/20100813,stub|7z|bz2
20110111,zawikibooks,zawikibooks/20110111,stub|7z|bz2
20100813,zawikiquote,zawikiquote/20100813,stub|7z|bz2
20100813,zawiktionary,zawiktionary/20100813,stub|7z|bz2
20100816,zeawiki,zeawiki/20100816,stub|7z|bz2
20100816,zh_classicalwiki,zh_classicalwiki/20100816,stub|7z|bz2
20100813,zh_min_nanwiki,zh_min_nanwiki/20100813,stub|7z|bz2
20100815,zh_min_nanwikibooks,zh_min_nanwikibooks/20100815,stub|7z|bz2
20100813,zh_min_nanwikiquote,zh_min_nanwikiquote/20100813,stub|7z|bz2
20100816,zh_min_nanwikisource,zh_min_nanwikisource/20100816,stub|7z|bz2
20100816,zh_min_nanwiktionary,zh_min_nanwiktionary/20100816,stub|7z|bz2
20100814,zh_yuewiki,zh_yuewiki/20100814,stub|7z|bz2
20110111,zhwiki,zhwiki/20110110,stub|7z|bz2
20100813,zhwikibooks,zhwikibooks/20100813,stub|7z|bz2
20100816,zhwikinews,zhwikinews/20100816,stub|7z|bz2
20100813,zhwikiquote,zhwikiquote/20100813,stub|7z|bz2
20100813,zhwikisource,zhwikisource/20100813,stub|7z|bz2
20100813,zhwiktionary,zhwiktionary/20100813,stub|7z|bz2
20100813,zuwiki,zuwiki/20100813,stub|7z|bz2
20110110,zuwikibooks,zuwikibooks/20110110,stub|7z|bz2,locked
20110110,zuwiktionary,zuwiktionary/20110110,stub|7z|bz2
